{
 "names": [
  "seg1",
  "seg2",
  "seg3",
  "seg4",
  "seg5"
 ],
 "qImu2Seg_seg2": [
  0.999963150241011,
  -0.006447128719572791,
  0.005386597587618069,
  0.001765575763178372
 ],
 "qImu2Seg_seg2_euler_deg": [
  0.198,
  0.619,
  -0.738
 ],
 "qImu2Seg_seg2_total_deg": 0.984,
 "qImu2Seg_seg4": [
  0.9999945445856823,
  0.0014742799215220464,
  0.0021599280713573287,
  0.002017921780789512
 ],
 "qImu2Seg_seg4_euler_deg": [
  0.232,
  0.247,
  0.169
 ],
 "qImu2Seg_seg4_total_deg": 0.379,
 "qImu2Seg_seg3": [
  0.9999951989158097,
  0.001751351979970914,
  0.00019833157510965244,
  0.0025486420224867154
 ],
 "qImu2Seg_seg3_euler_deg": [
  0.292,
  0.022,
  0.201
 ],
 "qImu2Seg_seg3_total_deg": 0.355,
 "qImu2Seg_seg1": [
  0.9999956460198278,
  -0.0008331359784727941,
  0.0011154946045053326,
  0.0026018258235350885
 ],
 "qImu2Seg_seg1_euler_deg": [
  0.298,
  0.128,
  -0.095
 ],
 "qImu2Seg_seg1_total_deg": 0.338,
 "qImu2Seg_seg5": [
  0.9999643382558588,
  -0.0065781072871310825,
  0.005184963126159201,
  0.0010802214688348363
 ],
 "qImu2Seg_seg5_euler_deg": [
  0.12,
  0.595,
  -0.753
 ],
 "qImu2Seg_seg5_total_deg": 0.968,
 "qEOpt2EImu_6D": [
  0.7076854232742211,
  0.7065256687162321,
  -0.0016796220608550577,
  0.0
 ],
 "qEOpt2EImu_6D_euler_deg": [
  -0.136,
  -0.136,
  89.906
 ],
 "qEOpt2EImu_6D_total_deg": 89.906,
 "qEOpt2EImu": [
  0.6689654539526078,
  0.6684171160266347,
  0.2289102459214587,
  0.23087632995349466
 ],
 "qEOpt2EImu_euler_deg": [
  37.946,
  -0.136,
  89.906
 ],
 "qEOpt2EImu_total_deg": 96.025,
 "qEOpt2EImu_delta": -0.664649506947245,
 "qEOpt2EImu_delta_deg": -38.08161160352823,
 "info": {
  "cost": 0.19754548788957366,
  "gyr_cost": 0.08329761830869954,
  "acc_cost": 0.3117933574704478,
  "bias": [
   [
    0.0035915212833739743,
    0.0027433184919976716,
    0.013573956960812508
   ],
   [
    0.0022499515164049106,
    0.004654596814115421,
    0.005131935747284751
   ],
   [
    0.001991663743004056,
    0.000741672966430226,
    0.0022674797283162612
   ],
   [
    -0.0019987490855317256,
    0.002773380880755751,
    -0.0053817945268125
   ],
   [
    -0.004614289850501399,
    -0.0028876333082245333,
    -0.00924033387554574
   ]
  ],
  "g": 9.849821471721018,
  "accbias": [
   0.17501018059524673,
   -0.0014472162496611295,
   0.007513472090638495
  ],
  "sucess_rate": 1.0,
  "init_vals": 1,
  "norm_th": 0.060000000000000005,
  "dip_th": 0.10471975511965977,
  "opt_pos_available": true
 },
 "params": {
  "fast": true,
  "fullEOpt2EImu": true,
  "accbias": true,
  "r": 0.5,
  "fc_gyr": 10.0,
  "fc_grav": 0.1,
  "fc_acc": 10.0,
  "fc_pos": 10.0,
  "fc_mag": 1.0,
  "init_quats": null
 }
}