{
 "names": [
  "seg1",
  "seg2",
  "seg3",
  "seg4",
  "seg5"
 ],
 "qImu2Seg_seg2": [
  0.9999847785871008,
  -0.004812662455998048,
  0.0021788752862568245,
  -0.001591658467930726
 ],
 "qImu2Seg_seg2_euler_deg": [
  -0.184,
  0.249,
  -0.552
 ],
 "qImu2Seg_seg2_total_deg": 0.632,
 "qImu2Seg_seg4": [
  0.999975082724809,
  -0.00039873270185354534,
  0.0038126369668941163,
  0.005927793949080069
 ],
 "qImu2Seg_seg4_euler_deg": [
  0.679,
  0.437,
  -0.043
 ],
 "qImu2Seg_seg4_total_deg": 0.809,
 "qImu2Seg_seg3": [
  0.9999729992421088,
  -0.0055110323851576834,
  0.004742092729521474,
  0.0010685809916661031
 ],
 "qImu2Seg_seg3_euler_deg": [
  0.119,
  0.544,
  -0.631
 ],
 "qImu2Seg_seg3_total_deg": 0.842,
 "qImu2Seg_seg1": [
  0.9999911074918986,
  0.0029671937770337454,
  0.002823562276994301,
  0.0010040887827455775
 ],
 "qImu2Seg_seg1_euler_deg": [
  0.116,
  0.323,
  0.34
 ],
 "qImu2Seg_seg1_total_deg": 0.483,
 "qImu2Seg_seg5": [
  0.9999447671363481,
  -0.01029120329319296,
  -0.0011061926455602415,
  -0.0018248696511700604
 ],
 "qImu2Seg_seg5_euler_deg": [
  -0.208,
  -0.129,
  -1.179
 ],
 "qImu2Seg_seg5_total_deg": 1.204,
 "qEOpt2EImu_6D": [
  0.7085018396310343,
  0.705704389158104,
  -0.002541330837845427,
  0.0
 ],
 "qEOpt2EImu_6D_euler_deg": [
  -0.206,
  -0.206,
  89.774
 ],
 "qEOpt2EImu_6D_total_deg": 89.774,
 "qEOpt2EImu": [
  0.6657400989698135,
  0.6622419691927616,
  -0.24384568374103638,
  -0.24241488688655818
 ],
 "qEOpt2EImu_euler_deg": [
  -40.222,
  -0.206,
  89.774
 ],
 "qEOpt2EImu_total_deg": 96.522,
 "qEOpt2EImu_delta": 0.6984110403941461,
 "qEOpt2EImu_delta_deg": 40.01600497992543,
 "info": {
  "cost": 0.3778389235382124,
  "gyr_cost": 0.19269799323906675,
  "acc_cost": 0.562979853837358,
  "bias": [
   [
    -0.0026895144513468623,
    0.0015475045048925218,
    0.011736142042611204
   ],
   [
    -0.004897998207994518,
    0.002835396728060782,
    0.00287624894612346
   ],
   [
    -0.003238180594436534,
    0.003782570294847951,
    0.005567747508905103
   ],
   [
    -0.006547666237271047,
    0.0033669861570459992,
    -0.006821510120835169
   ],
   [
    -0.009441943339818295,
    -0.0020273728769420515,
    -0.011620599777222778
   ]
  ],
  "g": 9.756037696666638,
  "accbias": [
   0.04374351615630169,
   0.08100694608916365,
   0.025208951179759576
  ],
  "sucess_rate": 1.0,
  "init_vals": 1,
  "norm_th": 0.17,
  "dip_th": 0.29670597283903605,
  "opt_pos_available": true
 },
 "params": {
  "fast": true,
  "fullEOpt2EImu": true,
  "accbias": true,
  "r": 0.5,
  "fc_gyr": 10.0,
  "fc_grav": 0.1,
  "fc_acc": 10.0,
  "fc_pos": 10.0,
  "fc_mag": 1.0,
  "init_quats": null
 }
}