{
 "names": [
  "seg1",
  "seg2",
  "seg3",
  "seg4",
  "seg5"
 ],
 "qImu2Seg_seg2": [
  0.9999965101394142,
  -0.0003625392613247932,
  -0.0006709287936384776,
  -0.002529452278730097
 ],
 "qImu2Seg_seg2_euler_deg": [
  -0.29,
  -0.077,
  -0.041
 ],
 "qImu2Seg_seg2_total_deg": 0.303,
 "qImu2Seg_seg3": [
  0.9999839632176084,
  -0.003173742942175993,
  -0.00283669916177843,
  -0.0037354787119430544
 ],
 "qImu2Seg_seg3_euler_deg": [
  -0.427,
  -0.326,
  -0.362
 ],
 "qImu2Seg_seg3_total_deg": 0.649,
 "qImu2Seg_seg1": [
  0.9999868391053404,
  0.0039034781420218745,
  -0.0018621083687871294,
  -0.0027598961806125696
 ],
 "qImu2Seg_seg1_euler_deg": [
  -0.317,
  -0.212,
  0.448
 ],
 "qImu2Seg_seg1_total_deg": 0.588,
 "qImu2Seg_seg4": [
  0.999995158987099,
  0.0008261961702198146,
  -0.0022400615038945856,
  -0.001995376333837496
 ],
 "qImu2Seg_seg4_euler_deg": [
  -0.229,
  -0.257,
  0.095
 ],
 "qImu2Seg_seg4_total_deg": 0.357,
 "qImu2Seg_seg5": [
  0.9999642353882829,
  -0.008223059150618071,
  -0.00021383109836129523,
  0.0019655835757834772
 ],
 "qImu2Seg_seg5_euler_deg": [
  0.225,
  -0.023,
  -0.942
 ],
 "qImu2Seg_seg5_total_deg": 0.969,
 "qEOpt2EImu_6D": [
  0.7098904909345154,
  0.7043040956129096,
  -0.0033513853306103444,
  0.0
 ],
 "qEOpt2EImu_6D_euler_deg": [
  -0.27,
  -0.273,
  89.548
 ],
 "qEOpt2EImu_6D_total_deg": 89.548,
 "qEOpt2EImu": [
  0.3324505471756757,
  0.32687320889986193,
  -0.6238664890697849,
  -0.6272329254765259
 ],
 "qEOpt2EImu_euler_deg": [
  -124.421,
  -0.273,
  89.548
 ],
 "qEOpt2EImu_total_deg": 141.165,
 "qEOpt2EImu_delta": 2.1668329354601124,
 "qEOpt2EImu_delta_deg": 124.15038211180753,
 "info": {
  "cost": 0.1689572605983198,
  "gyr_cost": 0.07061823273619844,
  "acc_cost": 0.2672962884604412,
  "bias": [
   [
    -0.0022933877148300507,
    0.0008648299808840409,
    0.011583773221508461
   ],
   [
    -0.005090898164644979,
    0.0020122474203944484,
    0.003087342034020982
   ],
   [
    -0.0035235738764355182,
    0.0028029079523605237,
    0.0051881143214818175
   ],
   [
    -0.007056339810994115,
    0.003077094738515362,
    -0.003192277901327184
   ],
   [
    -0.009720055682244887,
    -0.0030985201383782446,
    -0.011101835468233977
   ]
  ],
  "g": 9.825394985005932,
  "accbias": [
   0.031299550193103085,
   0.003299562539521267,
   -0.036672348447391735
  ],
  "sucess_rate": 1.0,
  "init_vals": 1,
  "norm_th": 0.08,
  "dip_th": 0.13962634015954636,
  "opt_pos_available": true
 },
 "params": {
  "fast": true,
  "fullEOpt2EImu": true,
  "accbias": true,
  "r": 0.5,
  "fc_gyr": 10.0,
  "fc_grav": 0.1,
  "fc_acc": 10.0,
  "fc_pos": 10.0,
  "fc_mag": 1.0,
  "init_quats": null
 }
}