{
 "names": [
  "seg1",
  "seg2",
  "seg3",
  "seg4",
  "seg5"
 ],
 "qImu2Seg_seg2": [
  0.9999859823777991,
  -0.002618914127382809,
  0.0029755355492229467,
  -0.003510345409876185
 ],
 "qImu2Seg_seg2_euler_deg": [
  -0.403,
  0.34,
  -0.301
 ],
 "qImu2Seg_seg2_total_deg": 0.607,
 "qImu2Seg_seg4": [
  0.9999975728904315,
  0.0014255871610842372,
  -0.0007397648859838377,
  0.0015081983974109055
 ],
 "qImu2Seg_seg4_euler_deg": [
  0.173,
  -0.085,
  0.163
 ],
 "qImu2Seg_seg4_total_deg": 0.252,
 "qImu2Seg_seg3": [
  0.9999932620900432,
  -0.0034286750401953422,
  0.0013090718466841993,
  -7.932769438657153e-05
 ],
 "qImu2Seg_seg3_euler_deg": [
  -0.01,
  0.15,
  -0.393
 ],
 "qImu2Seg_seg3_total_deg": 0.421,
 "qImu2Seg_seg1": [
  0.9999949804552511,
  0.0030384642762973837,
  0.0006145770879928365,
  0.0006550527814716938
 ],
 "qImu2Seg_seg1_euler_deg": [
  0.075,
  0.07,
  0.348
 ],
 "qImu2Seg_seg1_total_deg": 0.363,
 "qImu2Seg_seg5": [
  0.9999493792598447,
  -0.009819577840172624,
  0.0005912528440850691,
  0.0021131088392155337
 ],
 "qImu2Seg_seg5_euler_deg": [
  0.241,
  0.07,
  -1.125
 ],
 "qImu2Seg_seg5_total_deg": 1.153,
 "qEOpt2EImu_6D": [
  0.7062888281086225,
  0.707923526824425,
  -0.0006094730643953562,
  0.0
 ],
 "qEOpt2EImu_6D_euler_deg": [
  -0.049,
  -0.049,
  90.132
 ],
 "qEOpt2EImu_6D_total_deg": 90.132,
 "qEOpt2EImu": [
  0.1938413474106015,
  0.1937039213079395,
  -0.6809073961699023,
  -0.679168197683824
 ],
 "qEOpt2EImu_euler_deg": [
  -148.191,
  -0.049,
  90.132
 ],
 "qEOpt2EImu_total_deg": 157.646,
 "qEOpt2EImu_delta": 2.585556152705327,
 "qEOpt2EImu_delta_deg": 148.1414552440978,
 "info": {
  "cost": 0.34951090579750094,
  "gyr_cost": 0.1432355765376467,
  "acc_cost": 0.5557862350573551,
  "bias": [
   [
    -0.0034737402124284276,
    0.0013048287398058722,
    0.011129561259762158
   ],
   [
    -0.005406908451412572,
    0.002733323623448688,
    0.0028046311007227957
   ],
   [
    -0.003814583641531443,
    0.003317791432062741,
    0.0058380593907893085
   ],
   [
    -0.006706047532503759,
    0.0034806995860237264,
    -0.006997648481117838
   ],
   [
    -0.009390019069882514,
    -0.0031344867164147133,
    -0.010545963054855702
   ]
  ],
  "g": 9.830914047974222,
  "accbias": [
   0.10565757524854277,
   0.015526043707041592,
   -0.0005349742452442269
  ],
  "sucess_rate": 1.0,
  "init_vals": 1,
  "norm_th": 0.09,
  "dip_th": 0.15707963267948966,
  "opt_pos_available": true
 },
 "params": {
  "fast": true,
  "fullEOpt2EImu": true,
  "accbias": true,
  "r": 0.5,
  "fc_gyr": 10.0,
  "fc_grav": 0.1,
  "fc_acc": 10.0,
  "fc_pos": 10.0,
  "fc_mag": 1.0,
  "init_quats": null
 }
}