{
 "names": [
  "seg2",
  "seg3",
  "seg4"
 ],
 "qImu2Seg_seg4": [
  0.9999658790315719,
  0.0014597582267313139,
  -0.0075842391721314155,
  0.002930732794918703
 ],
 "qImu2Seg_seg4_euler_deg": [
  0.335,
  -0.87,
  0.165
 ],
 "qImu2Seg_seg4_total_deg": 0.947,
 "qImu2Seg_seg3": [
  0.9999935212219826,
  -0.0031396287344677516,
  0.0009614635760600253,
  -0.0014750705955333828
 ],
 "qImu2Seg_seg3_euler_deg": [
  -0.169,
  0.11,
  -0.36
 ],
 "qImu2Seg_seg3_total_deg": 0.412,
 "qImu2Seg_seg2": [
  0.9999855610432085,
  -0.0032757262659353333,
  0.003904065279260622,
  0.0017045811290781682
 ],
 "qImu2Seg_seg2_euler_deg": [
  0.194,
  0.448,
  -0.375
 ],
 "qImu2Seg_seg2_total_deg": 0.616,
 "qEOpt2EImu_6D": [
  0.7085082029623082,
  0.7056472855978468,
  -0.008833723083235054,
  0.0
 ],
 "qEOpt2EImu_6D_euler_deg": [
  -0.714,
  -0.717,
  89.773
 ],
 "qEOpt2EImu_6D_total_deg": 89.773,
 "qEOpt2EImu": [
  0.36979159358405805,
  0.36076333203329947,
  -0.6065195335645438,
  -0.6043492789599754
 ],
 "qEOpt2EImu_euler_deg": [
  -117.791,
  -0.717,
  89.773
 ],
 "qEOpt2EImu_total_deg": 136.594,
 "qEOpt2EImu_delta": 2.0433689165153353,
 "qEOpt2EImu_delta_deg": 117.07641490454857,
 "info": {
  "cost": 0.5517656387101716,
  "gyr_cost": 0.16139762311604502,
  "acc_cost": 0.9421336543042982,
  "bias": [
   [
    -0.006141846198533035,
    0.0022974359333596895,
    0.002397348157556195
   ],
   [
    -0.0037883275341676023,
    0.0030336054765100575,
    0.005798308417093932
   ],
   [
    -0.007889660066006578,
    0.0009215962300445376,
    -0.010244192328564038
   ]
  ],
  "g": 9.838143962812737,
  "accbias": [
   0.026527826213178632,
   0.07744986556858213,
   -0.061655404645022685
  ],
  "sucess_rate": 1.0,
  "init_vals": 1,
  "norm_th": 0.09,
  "dip_th": 0.15707963267948966,
  "opt_pos_available": true
 },
 "params": {
  "fast": true,
  "fullEOpt2EImu": true,
  "accbias": true,
  "r": 0.5,
  "fc_gyr": 10.0,
  "fc_grav": 0.1,
  "fc_acc": 10.0,
  "fc_pos": 10.0,
  "fc_mag": 1.0,
  "init_quats": null
 }
}