{
 "names": [
  "seg1",
  "seg2",
  "seg3",
  "seg4",
  "seg5"
 ],
 "qImu2Seg_seg2": [
  0.9999228141789914,
  -0.00842679469582322,
  -0.0015185234918829763,
  -0.009002716363697691
 ],
 "qImu2Seg_seg2_euler_deg": [
  -1.03,
  -0.183,
  -0.964
 ],
 "qImu2Seg_seg2_total_deg": 1.424,
 "qImu2Seg_seg4": [
  0.9999578693746175,
  0.0021397998253747308,
  0.0010852786438102916,
  -0.00886018638336494
 ],
 "qImu2Seg_seg4_euler_deg": [
  -1.015,
  0.127,
  0.244
 ],
 "qImu2Seg_seg4_total_deg": 1.052,
 "qImu2Seg_seg3": [
  0.9999657750515388,
  0.000383459980315611,
  0.0010963570370577157,
  -0.008191439755384843
 ],
 "qImu2Seg_seg3_euler_deg": [
  -0.939,
  0.126,
  0.043
 ],
 "qImu2Seg_seg3_total_deg": 0.948,
 "qImu2Seg_seg1": [
  0.9999634329815984,
  0.0016737828097386064,
  -0.003721225131366845,
  -0.007515559479097746
 ],
 "qImu2Seg_seg1_euler_deg": [
  -0.862,
  -0.425,
  0.195
 ],
 "qImu2Seg_seg1_total_deg": 0.98,
 "qImu2Seg_seg5": [
  0.9999531592399509,
  -0.007803216067301737,
  -0.0038959025309176095,
  0.004196556745491355
 ],
 "qImu2Seg_seg5_euler_deg": [
  0.484,
  -0.443,
  -0.896
 ],
 "qImu2Seg_seg5_total_deg": 1.109,
 "qEOpt2EImu_6D": [
  0.7046776263038169,
  0.7095217562885838,
  0.0028844999534807644,
  0.0
 ],
 "qEOpt2EImu_6D_euler_deg": [
  0.235,
  0.233,
  90.393
 ],
 "qEOpt2EImu_6D_total_deg": 90.393,
 "qEOpt2EImu": [
  0.4137828002235892,
  0.4189620931847528,
  -0.5726257132377733,
  -0.5703984144896505
 ],
 "qEOpt2EImu_euler_deg": [
  -107.849,
  0.233,
  90.393
 ],
 "qEOpt2EImu_total_deg": 131.115,
 "qEOpt2EImu_delta": 1.8864157169927676,
 "qEOpt2EImu_delta_deg": 108.08365899083071,
 "info": {
  "cost": 0.2368621140429802,
  "gyr_cost": 0.08140418584928034,
  "acc_cost": 0.39232004223668004,
  "bias": [
   [
    -0.002998277998621083,
    0.0010369504862928808,
    0.011495978801161067
   ],
   [
    -0.003940852600345035,
    0.0020787052040042277,
    0.0022549733108017203
   ],
   [
    -0.00275263325355401,
    0.0026783268174767204,
    0.004990107601331862
   ],
   [
    -0.005771345107370803,
    0.0019285969520092647,
    -0.004043259902456726
   ],
   [
    -0.00899192034632096,
    -0.003199093449859994,
    -0.011532481149287458
   ]
  ],
  "g": 9.811052337841607,
  "accbias": [
   0.03049830192590849,
   0.017798329531920492,
   0.011647472295535645
  ],
  "sucess_rate": 1.0,
  "init_vals": 1,
  "norm_th": 0.15,
  "dip_th": 0.2617993877991494,
  "opt_pos_available": true
 },
 "params": {
  "fast": true,
  "fullEOpt2EImu": true,
  "accbias": true,
  "r": 0.5,
  "fc_gyr": 10.0,
  "fc_grav": 0.1,
  "fc_acc": 10.0,
  "fc_pos": 10.0,
  "fc_mag": 1.0,
  "init_quats": null
 }
}