{
 "names": [
  "seg1",
  "seg2",
  "seg3",
  "seg4",
  "seg5"
 ],
 "qImu2Seg_seg2": [
  0.9999389550995608,
  -0.008491160348293239,
  0.0031336192228251535,
  -0.006337720481727292
 ],
 "qImu2Seg_seg2_euler_deg": [
  -0.729,
  0.353,
  -0.975
 ],
 "qImu2Seg_seg2_total_deg": 1.266,
 "qImu2Seg_seg4": [
  0.9999669956335009,
  0.0019375264163364195,
  0.0027614779446147515,
  -0.0073910672204672975
 ],
 "qImu2Seg_seg4_euler_deg": [
  -0.846,
  0.318,
  0.22
 ],
 "qImu2Seg_seg4_total_deg": 0.931,
 "qImu2Seg_seg3": [
  0.999975227115735,
  0.0005071596835951121,
  0.005890565678761932,
  -0.003819578494242491
 ],
 "qImu2Seg_seg3_euler_deg": [
  -0.437,
  0.675,
  0.056
 ],
 "qImu2Seg_seg3_total_deg": 0.807,
 "qImu2Seg_seg1": [
  0.9999837177798339,
  -0.0006337126500964154,
  -0.0013411976948868203,
  -0.0055103332242267605
 ],
 "qImu2Seg_seg1_euler_deg": [
  -0.631,
  -0.154,
  -0.072
 ],
 "qImu2Seg_seg1_total_deg": 0.654,
 "qImu2Seg_seg5": [
  0.9999667112505521,
  -0.007349956451524451,
  -0.0007807304556012132,
  0.00345615261110897
 ],
 "qImu2Seg_seg5_euler_deg": [
  0.397,
  -0.087,
  -0.843
 ],
 "qImu2Seg_seg5_total_deg": 0.935,
 "qEOpt2EImu_6D": [
  0.7069657542801376,
  0.7072471929740852,
  -0.0009112109487163228,
  0.0
 ],
 "qEOpt2EImu_6D_euler_deg": [
  -0.074,
  -0.074,
  90.023
 ],
 "qEOpt2EImu_6D_total_deg": 90.023,
 "qEOpt2EImu": [
  0.3699978703211143,
  0.36936871091118356,
  -0.6031303156656332,
  -0.602413606820699
 ],
 "qEOpt2EImu_euler_deg": [
  -116.958,
  -0.074,
  90.023
 ],
 "qEOpt2EImu_total_deg": 136.569,
 "qEOpt2EImu_delta": 2.0400130613847214,
 "qEOpt2EImu_delta_deg": 116.88413856890708,
 "info": {
  "cost": 0.35200808014080376,
  "gyr_cost": 0.15499428000569632,
  "acc_cost": 0.5490218802759113,
  "bias": [
   [
    -0.0028270714344550262,
    0.0011168004519161543,
    0.011814337573848371
   ],
   [
    -0.004545293130489815,
    0.0017247590948041688,
    0.0025512536039790858
   ],
   [
    -0.002476726150246789,
    0.001745627020225534,
    0.0033929427436692732
   ],
   [
    -0.006029577057597326,
    0.0027744529383744326,
    -0.003962094734513083
   ],
   [
    -0.009834025770753096,
    -0.003776219271722277,
    -0.011034686199436499
   ]
  ],
  "g": 9.794159983374508,
  "accbias": [
   0.02520708108367748,
   -0.02191450929466564,
   0.004831227501737631
  ],
  "sucess_rate": 1.0,
  "init_vals": 1,
  "norm_th": 0.11999999999999998,
  "dip_th": 0.20943951023931953,
  "opt_pos_available": true
 },
 "params": {
  "fast": true,
  "fullEOpt2EImu": true,
  "accbias": true,
  "r": 0.5,
  "fc_gyr": 10.0,
  "fc_grav": 0.1,
  "fc_acc": 10.0,
  "fc_pos": 10.0,
  "fc_mag": 1.0,
  "init_quats": null
 }
}