{
 "names": [
  "seg1",
  "seg2",
  "seg3",
  "seg4",
  "seg5"
 ],
 "qImu2Seg_seg2": [
  0.9999556974651549,
  0.007045977557648139,
  0.0011273006099786792,
  0.006138933178289328
 ],
 "qImu2Seg_seg2_euler_deg": [
  0.704,
  0.124,
  0.808
 ],
 "qImu2Seg_seg2_total_deg": 1.079,
 "qImu2Seg_seg4": [
  0.9999208307470598,
  0.011179771546586897,
  0.0010310927917948046,
  0.005681706955710676
 ],
 "qImu2Seg_seg4_euler_deg": [
  0.652,
  0.111,
  1.282
 ],
 "qImu2Seg_seg4_total_deg": 1.442,
 "qImu2Seg_seg3": [
  0.9999787301702106,
  0.006277746536652074,
  -0.00021467194721038867,
  -0.001755853510378059
 ],
 "qImu2Seg_seg3_euler_deg": [
  -0.201,
  -0.023,
  0.719
 ],
 "qImu2Seg_seg3_total_deg": 0.747,
 "qImu2Seg_seg1": [
  0.9999291244128237,
  0.009111551668992033,
  0.001895725596008982,
  0.007425092703241408
 ],
 "qImu2Seg_seg1_euler_deg": [
  0.853,
  0.209,
  1.046
 ],
 "qImu2Seg_seg1_total_deg": 1.364,
 "qImu2Seg_seg5": [
  0.9999863783289357,
  2.0772751120957065e-05,
  0.0002543994503012571,
  0.005213252918404269
 ],
 "qImu2Seg_seg5_euler_deg": [
  0.597,
  0.029,
  0.003
 ],
 "qImu2Seg_seg5_total_deg": 0.598,
 "qEOpt2EImu_6D": [
  0.7075930434046208,
  0.7065459557126212,
  -0.010241942761274004,
  0.0
 ],
 "qEOpt2EImu_6D_euler_deg": [
  -0.829,
  -0.83,
  89.921
 ],
 "qEOpt2EImu_6D_total_deg": 89.921,
 "qEOpt2EImu": [
  0.4363855041162063,
  0.42767745249243944,
  -0.5624980724899986,
  -0.55700593073311
 ],
 "qEOpt2EImu_euler_deg": [
  -104.676,
  -0.83,
  89.921
 ],
 "qEOpt2EImu_total_deg": 128.253,
 "qEOpt2EImu_delta": 1.8124590232615787,
 "qEOpt2EImu_delta_deg": 103.84625257329196,
 "info": {
  "cost": 0.35553656500337805,
  "gyr_cost": 0.18395984629771334,
  "acc_cost": 0.5271132837090428,
  "bias": [
   [
    -0.0008766588949751321,
    0.0015842944016949767,
    0.007984804575084404
   ],
   [
    -0.006665087446874294,
    0.004484518521150061,
    0.0032214351355931057
   ],
   [
    -0.004327228998348252,
    0.003923211383311183,
    0.005474024881306906
   ],
   [
    -0.0044133644889762305,
    0.0023600846820615723,
    -0.0057246499902908945
   ],
   [
    -0.0077372457839092025,
    -0.002799434262273515,
    -0.010932700165188674
   ]
  ],
  "g": 9.806287813580997,
  "accbias": [
   -0.047074574838527214,
   -0.06741281164505096,
   0.024285770378152546
  ],
  "sucess_rate": 1.0,
  "init_vals": 1,
  "norm_th": 0.12999999999999998,
  "dip_th": 0.22689280275926282,
  "opt_pos_available": true
 },
 "params": {
  "fast": true,
  "fullEOpt2EImu": true,
  "accbias": true,
  "r": 0.5,
  "fc_gyr": 10.0,
  "fc_grav": 0.1,
  "fc_acc": 10.0,
  "fc_pos": 10.0,
  "fc_mag": 1.0,
  "init_quats": null
 }
}