{
 "names": [
  "seg1",
  "seg2",
  "seg3",
  "seg4",
  "seg5"
 ],
 "qImu2Seg_seg2": [
  0.9999646021311653,
  -0.0068529455334569046,
  0.0027670833692655787,
  0.004021799572726545
 ],
 "qImu2Seg_seg2_euler_deg": [
  0.459,
  0.32,
  -0.784
 ],
 "qImu2Seg_seg2_total_deg": 0.964,
 "qImu2Seg_seg4": [
  0.9999638495899388,
  -0.0009434545522018483,
  0.0018531465120923418,
  -0.00824471071554418
 ],
 "qImu2Seg_seg4_euler_deg": [
  -0.945,
  0.211,
  -0.11
 ],
 "qImu2Seg_seg4_total_deg": 0.974,
 "qImu2Seg_seg3": [
  0.9998781647936189,
  -0.006156767175140616,
  0.013749681780758274,
  0.004086078538614127
 ],
 "qImu2Seg_seg3_euler_deg": [
  0.459,
  1.578,
  -0.699
 ],
 "qImu2Seg_seg3_total_deg": 1.789,
 "qImu2Seg_seg1": [
  0.9999309449844872,
  -0.0010865087701095667,
  -0.004476558423624867,
  -0.010811345235570528
 ],
 "qImu2Seg_seg1_euler_deg": [
  -1.238,
  -0.514,
  -0.119
 ],
 "qImu2Seg_seg1_total_deg": 1.347,
 "qImu2Seg_seg5": [
  0.9999742250006755,
  -0.002013218919333783,
  0.0043205225319293585,
  0.005369298737484637
 ],
 "qImu2Seg_seg5_euler_deg": [
  0.614,
  0.496,
  -0.228
 ],
 "qImu2Seg_seg5_total_deg": 0.823,
 "qEOpt2EImu_6D": [
  0.7074824950559202,
  0.7067284970933829,
  -0.0018304604825298634,
  0.0
 ],
 "qEOpt2EImu_6D_euler_deg": [
  -0.148,
  -0.148,
  89.939
 ],
 "qEOpt2EImu_6D_total_deg": 89.939,
 "qEOpt2EImu": [
  0.24056608030272814,
  0.24203108850175975,
  0.6639950838583846,
  0.6653265677983493
 ],
 "qEOpt2EImu_euler_deg": [
  140.094,
  -0.148,
  89.939
 ],
 "qEOpt2EImu_total_deg": 152.16,
 "qEOpt2EImu_delta": -2.447692629850526,
 "qEOpt2EImu_delta_deg": -140.24245723571235,
 "info": {
  "cost": 0.9700366592461481,
  "gyr_cost": 0.3494720337417032,
  "acc_cost": 1.590601284750593,
  "bias": [
   [
    -0.0030816392531633455,
    -0.0006372535775837662,
    0.011734833058293486
   ],
   [
    -0.004950672398696197,
    -0.00027955544866012903,
    0.003063753383853149
   ],
   [
    -0.00414272413276675,
    0.00013856090628643075,
    0.005997034802097069
   ],
   [
    -0.006250170620143329,
    -0.0006691453629039856,
    -0.010315773429936914
   ],
   [
    -0.00878178347677551,
    -0.00399069656482298,
    -0.010601411235816755
   ]
  ],
  "g": 9.820885310320644,
  "accbias": [
   0.0789775605433579,
   -0.12338846671056146,
   -0.006841488447510322
  ],
  "sucess_rate": 1.0,
  "init_vals": 1,
  "norm_th": 0.12999999999999998,
  "dip_th": 0.22689280275926282,
  "opt_pos_available": true
 },
 "params": {
  "fast": true,
  "fullEOpt2EImu": true,
  "accbias": true,
  "r": 0.5,
  "fc_gyr": 10.0,
  "fc_grav": 0.1,
  "fc_acc": 10.0,
  "fc_pos": 10.0,
  "fc_mag": 1.0,
  "init_quats": null
 }
}