{
 "names": [
  "seg1",
  "seg2",
  "seg3",
  "seg4",
  "seg5"
 ],
 "qImu2Seg_seg2": [
  0.9999918214759481,
  0.0014486553077168052,
  -0.0035454866027545984,
  -0.0012991935054544018
 ],
 "qImu2Seg_seg2_euler_deg": [
  -0.149,
  -0.406,
  0.167
 ],
 "qImu2Seg_seg2_total_deg": 0.463,
 "qImu2Seg_seg4": [
  0.9999447827862568,
  0.005537888374681081,
  -0.008817077378675098,
  -0.0014220820629342805
 ],
 "qImu2Seg_seg4_euler_deg": [
  -0.169,
  -1.009,
  0.636
 ],
 "qImu2Seg_seg4_total_deg": 1.204,
 "qImu2Seg_seg3": [
  0.9999889700369068,
  0.0021632953930870893,
  -0.0038214770633354135,
  -0.0016662144588637413
 ],
 "qImu2Seg_seg3_euler_deg": [
  -0.192,
  -0.437,
  0.249
 ],
 "qImu2Seg_seg3_total_deg": 0.538,
 "qImu2Seg_seg1": [
  0.9999639234153517,
  0.0063503151449737045,
  -0.005371777647199733,
  -0.001723186073865185
 ],
 "qImu2Seg_seg1_euler_deg": [
  -0.201,
  -0.614,
  0.729
 ],
 "qImu2Seg_seg1_total_deg": 0.973,
 "qImu2Seg_seg5": [
  0.9999717091641221,
  -0.005186446086452535,
  -0.0038007888259218776,
  0.003903287419258613
 ],
 "qImu2Seg_seg5_euler_deg": [
  0.45,
  -0.433,
  -0.596
 ],
 "qImu2Seg_seg5_total_deg": 0.862,
 "qEOpt2EImu_6D": [
  0.7135243053460834,
  0.700606751594043,
  -0.005765873848093837,
  0.0
 ],
 "qEOpt2EImu_6D_euler_deg": [
  -0.463,
  -0.471,
  88.955
 ],
 "qEOpt2EImu_6D_total_deg": 88.955,
 "qEOpt2EImu": [
  0.3848749370006995,
  0.37305205730652086,
  -0.5930558390402724,
  -0.6008229499514133
 ],
 "qEOpt2EImu_euler_deg": [
  -115.177,
  -0.471,
  88.955
 ],
 "qEOpt2EImu_total_deg": 134.728,
 "qEOpt2EImu_delta": 2.002144098392111,
 "qEOpt2EImu_delta_deg": 114.71440681489338,
 "info": {
  "cost": 0.8358305115204301,
  "gyr_cost": 0.4210661170565897,
  "acc_cost": 1.2505949059842705,
  "bias": [
   [
    0.008103829181251415,
    0.004532086921754662,
    -0.001156925537915878
   ],
   [
    -0.005910789263588792,
    0.002985071463121871,
    0.0031691118829319355
   ],
   [
    -0.0026580991810292876,
    0.004404168502706123,
    0.0039359331583000735
   ],
   [
    -0.003886769470659197,
    -0.0006908896864913125,
    -0.007183238371075592
   ],
   [
    -0.010646986391594677,
    -0.0019823644168280616,
    -0.00809494250249236
   ]
  ],
  "g": 9.829807506573673,
  "accbias": [
   0.06044316139342713,
   -0.026373260141322217,
   -0.030588876501843502
  ],
  "sucess_rate": 1.0,
  "init_vals": 1,
  "norm_th": 0.09999999999999999,
  "dip_th": 0.17453292519943295,
  "opt_pos_available": true
 },
 "params": {
  "fast": true,
  "fullEOpt2EImu": true,
  "accbias": true,
  "r": 0.5,
  "fc_gyr": 10.0,
  "fc_grav": 0.1,
  "fc_acc": 10.0,
  "fc_pos": 10.0,
  "fc_mag": 1.0,
  "init_quats": null
 }
}