{
 "names": [
  "seg1",
  "seg2",
  "seg3",
  "seg4",
  "seg5"
 ],
 "qImu2Seg_seg2": [
  0.9999869794214107,
  -0.004344704003639748,
  -0.0011930069264179028,
  -0.0023960945802486504
 ],
 "qImu2Seg_seg2_euler_deg": [
  -0.274,
  -0.138,
  -0.498
 ],
 "qImu2Seg_seg2_total_deg": 0.585,
 "qImu2Seg_seg4": [
  0.999999619759392,
  -0.00013985411619900167,
  -0.0008386726209592755,
  -0.00019377856525955623
 ],
 "qImu2Seg_seg4_euler_deg": [
  -0.022,
  -0.096,
  -0.016
 ],
 "qImu2Seg_seg4_total_deg": 0.1,
 "qImu2Seg_seg3": [
  0.9999961020709981,
  -0.0024067480365003845,
  0.0011571053942129482,
  -0.0008151771619400049
 ],
 "qImu2Seg_seg3_euler_deg": [
  -0.094,
  0.132,
  -0.276
 ],
 "qImu2Seg_seg3_total_deg": 0.32,
 "qImu2Seg_seg1": [
  0.999994668669474,
  0.0025747981361982715,
  -0.0015416871946350628,
  -0.0012869529054402877
 ],
 "qImu2Seg_seg1_euler_deg": [
  -0.148,
  -0.176,
  0.295
 ],
 "qImu2Seg_seg1_total_deg": 0.374,
 "qImu2Seg_seg5": [
  0.9999797561116767,
  -0.0053281487670855275,
  0.0025327360763547175,
  0.002383997800954804
 ],
 "qImu2Seg_seg5_euler_deg": [
  0.272,
  0.292,
  -0.61
 ],
 "qImu2Seg_seg5_total_deg": 0.729,
 "qEOpt2EImu_6D": [
  0.7084565618082124,
  0.7057500793970864,
  -0.002474967048828799,
  0.0
 ],
 "qEOpt2EImu_6D_euler_deg": [
  -0.2,
  -0.201,
  89.781
 ],
 "qEOpt2EImu_6D_total_deg": 89.781,
 "qEOpt2EImu": [
  0.5131788137286195,
  0.5129246335475519,
  0.4847655312942497,
  0.48842420610489834
 ],
 "qEOpt2EImu_euler_deg": [
  86.968,
  -0.201,
  89.781
 ],
 "qEOpt2EImu_total_deg": 118.248,
 "qEOpt2EImu_delta": -1.5213764095446356,
 "qEOpt2EImu_delta_deg": -87.16844731767428,
 "info": {
  "cost": 0.23681562328601063,
  "gyr_cost": 0.06755747461725625,
  "acc_cost": 0.406073771954765,
  "bias": [
   [
    -0.0038409607172589046,
    0.0017604162538132182,
    0.011300493596931385
   ],
   [
    -0.005421555051453325,
    0.002559089025542065,
    0.002119953773193524
   ],
   [
    -0.0031875139025326375,
    0.0032362869266328743,
    0.004942979866666415
   ],
   [
    -0.007047919027964375,
    0.0025701589167513982,
    -0.008756205884679945
   ],
   [
    -0.010481313288273125,
    -0.0011312182508834766,
    -0.010578562038193117
   ]
  ],
  "g": 9.792006691427183,
  "accbias": [
   -0.0014936456013466318,
   0.020576474390547023,
   0.011024917167136133
  ],
  "sucess_rate": 1.0,
  "init_vals": 1,
  "norm_th": 0.13999999999999999,
  "dip_th": 0.24434609527920612,
  "opt_pos_available": true
 },
 "params": {
  "fast": true,
  "fullEOpt2EImu": true,
  "accbias": true,
  "r": 0.5,
  "fc_gyr": 10.0,
  "fc_grav": 0.1,
  "fc_acc": 10.0,
  "fc_pos": 10.0,
  "fc_mag": 1.0,
  "init_quats": null
 }
}