{
 "names": [
  "seg1",
  "seg2",
  "seg3",
  "seg4",
  "seg5"
 ],
 "qImu2Seg_seg2": [
  0.9999614804205708,
  -0.007422836532930189,
  0.0009819479348133825,
  -0.004579841826870231
 ],
 "qImu2Seg_seg2_euler_deg": [
  -0.526,
  0.109,
  -0.851
 ],
 "qImu2Seg_seg2_total_deg": 1.006,
 "qImu2Seg_seg4": [
  0.9999488381994842,
  -0.00010104415620024842,
  0.002859210373199954,
  -0.00970235484931997
 ],
 "qImu2Seg_seg4_euler_deg": [
  -1.112,
  0.328,
  -0.015
 ],
 "qImu2Seg_seg4_total_deg": 1.159,
 "qImu2Seg_seg3": [
  0.9999284823873983,
  0.0008821001010054973,
  0.008908666860890195,
  -0.007930174311321302
 ],
 "qImu2Seg_seg3_euler_deg": [
  -0.908,
  1.022,
  0.093
 ],
 "qImu2Seg_seg3_total_deg": 1.37,
 "qImu2Seg_seg1": [
  0.9999883235107921,
  -0.0005788372155382468,
  0.00010171712416259747,
  -0.0047966074656892
 ],
 "qImu2Seg_seg1_euler_deg": [
  -0.55,
  0.011,
  -0.066
 ],
 "qImu2Seg_seg1_total_deg": 0.554,
 "qImu2Seg_seg5": [
  0.9999670125435494,
  -0.007660885678718769,
  -0.0004340462909416577,
  0.00266388047104334
 ],
 "qImu2Seg_seg5_euler_deg": [
  0.306,
  -0.047,
  -0.878
 ],
 "qImu2Seg_seg5_total_deg": 0.931,
 "qEOpt2EImu_6D": [
  0.6999747730034384,
  0.7141653530993433,
  0.0017792108574891266,
  0.0
 ],
 "qEOpt2EImu_6D_euler_deg": [
  0.146,
  0.143,
  91.15
 ],
 "qEOpt2EImu_6D_total_deg": 91.15,
 "qEOpt2EImu": [
  0.4222523683129404,
  0.43223171316564873,
  -0.5685165461907623,
  -0.558271994905107
 ],
 "qEOpt2EImu_euler_deg": [
  -105.65,
  0.143,
  91.15
 ],
 "qEOpt2EImu_total_deg": 130.046,
 "qEOpt2EImu_delta": 1.8464795565888912,
 "qEOpt2EImu_delta_deg": 105.79548554973113,
 "info": {
  "cost": 0.476766827830549,
  "gyr_cost": 0.1599906764975174,
  "acc_cost": 0.7935429791635806,
  "bias": [
   [
    -0.002995161327491759,
    0.0010916451633400355,
    0.011644598187923532
   ],
   [
    -0.004358175397883111,
    0.0016510102136655757,
    0.0017272131219078664
   ],
   [
    -0.0036566599863134884,
    0.0026180413312016787,
    0.004383938621756593
   ],
   [
    -0.005218083802517186,
    0.003476027629458103,
    -0.004010799980912604
   ],
   [
    -0.00974383824662316,
    -0.0028665831836349807,
    -0.010823578747603797
   ]
  ],
  "g": 9.824813364320686,
  "accbias": [
   0.26264525812454087,
   0.03181077993870343,
   -0.03527118514255173
  ],
  "sucess_rate": 1.0,
  "init_vals": 1,
  "norm_th": 0.17,
  "dip_th": 0.29670597283903605,
  "opt_pos_available": true
 },
 "params": {
  "fast": true,
  "fullEOpt2EImu": true,
  "accbias": true,
  "r": 0.5,
  "fc_gyr": 10.0,
  "fc_grav": 0.1,
  "fc_acc": 10.0,
  "fc_pos": 10.0,
  "fc_mag": 1.0,
  "init_quats": null
 }
}